sector,crecimiento_promedio_mensual,volatilidad_mensual
total,0.20356772883068955,2.4819866846698644
agro,0.47775224127309474,9.166073057321027
industria,0.12770806452543088,4.018098812826089
